--
-- PostgreSQL database dump
--

-- Dumped from database version 12.17 (Ubuntu 12.17-1.pgdg22.04+1)
-- Dumped by pg_dump version 12.17 (Ubuntu 12.17-1.pgdg22.04+1)

SET statement_timeout = 0;
SET lock_timeout = 0;
SET idle_in_transaction_session_timeout = 0;
SET client_encoding = 'UTF8';
SET standard_conforming_strings = on;
SELECT pg_catalog.set_config('search_path', '', false);
SET check_function_bodies = false;
SET xmloption = content;
SET client_min_messages = warning;
SET row_security = off;

DROP DATABASE universe;
--
-- Name: universe; Type: DATABASE; Schema: -; Owner: freecodecamp
--

CREATE DATABASE universe WITH TEMPLATE = template0 ENCODING = 'UTF8' LC_COLLATE = 'C.UTF-8' LC_CTYPE = 'C.UTF-8';


ALTER DATABASE universe OWNER TO freecodecamp;

\connect universe

SET statement_timeout = 0;
SET lock_timeout = 0;
SET idle_in_transaction_session_timeout = 0;
SET client_encoding = 'UTF8';
SET standard_conforming_strings = on;
SELECT pg_catalog.set_config('search_path', '', false);
SET check_function_bodies = false;
SET xmloption = content;
SET client_min_messages = warning;
SET row_security = off;

SET default_tablespace = '';

SET default_table_access_method = heap;

--
-- Name: civilization; Type: TABLE; Schema: public; Owner: freecodecamp
--

CREATE TABLE public.civilization (
    civilization_id integer NOT NULL,
    planet_id integer NOT NULL,
    population integer NOT NULL,
    message text,
    is_pacific boolean NOT NULL,
    name character varying(50) NOT NULL
);


ALTER TABLE public.civilization OWNER TO freecodecamp;

--
-- Name: civilization_civilization_id_seq; Type: SEQUENCE; Schema: public; Owner: freecodecamp
--

CREATE SEQUENCE public.civilization_civilization_id_seq
    AS integer
    START WITH 1
    INCREMENT BY 1
    NO MINVALUE
    NO MAXVALUE
    CACHE 1;


ALTER TABLE public.civilization_civilization_id_seq OWNER TO freecodecamp;

--
-- Name: civilization_civilization_id_seq; Type: SEQUENCE OWNED BY; Schema: public; Owner: freecodecamp
--

ALTER SEQUENCE public.civilization_civilization_id_seq OWNED BY public.civilization.civilization_id;


--
-- Name: galaxy; Type: TABLE; Schema: public; Owner: freecodecamp
--

CREATE TABLE public.galaxy (
    galaxy_id integer NOT NULL,
    name character varying(50) NOT NULL,
    star_count integer NOT NULL
);


ALTER TABLE public.galaxy OWNER TO freecodecamp;

--
-- Name: galaxy_galaxy_id_seq; Type: SEQUENCE; Schema: public; Owner: freecodecamp
--

CREATE SEQUENCE public.galaxy_galaxy_id_seq
    AS integer
    START WITH 1
    INCREMENT BY 1
    NO MINVALUE
    NO MAXVALUE
    CACHE 1;


ALTER TABLE public.galaxy_galaxy_id_seq OWNER TO freecodecamp;

--
-- Name: galaxy_galaxy_id_seq; Type: SEQUENCE OWNED BY; Schema: public; Owner: freecodecamp
--

ALTER SEQUENCE public.galaxy_galaxy_id_seq OWNED BY public.galaxy.galaxy_id;


--
-- Name: moon; Type: TABLE; Schema: public; Owner: freecodecamp
--

CREATE TABLE public.moon (
    moon_id integer NOT NULL,
    planet_id integer NOT NULL,
    name character varying(50) NOT NULL
);


ALTER TABLE public.moon OWNER TO freecodecamp;

--
-- Name: moon_moon_id_seq; Type: SEQUENCE; Schema: public; Owner: freecodecamp
--

CREATE SEQUENCE public.moon_moon_id_seq
    AS integer
    START WITH 1
    INCREMENT BY 1
    NO MINVALUE
    NO MAXVALUE
    CACHE 1;


ALTER TABLE public.moon_moon_id_seq OWNER TO freecodecamp;

--
-- Name: moon_moon_id_seq; Type: SEQUENCE OWNED BY; Schema: public; Owner: freecodecamp
--

ALTER SEQUENCE public.moon_moon_id_seq OWNED BY public.moon.moon_id;


--
-- Name: planet; Type: TABLE; Schema: public; Owner: freecodecamp
--

CREATE TABLE public.planet (
    planet_id integer NOT NULL,
    star_id integer NOT NULL,
    name character varying(50) NOT NULL,
    moon_count integer NOT NULL,
    has_life boolean NOT NULL
);


ALTER TABLE public.planet OWNER TO freecodecamp;

--
-- Name: planet_planet_id_seq; Type: SEQUENCE; Schema: public; Owner: freecodecamp
--

CREATE SEQUENCE public.planet_planet_id_seq
    AS integer
    START WITH 1
    INCREMENT BY 1
    NO MINVALUE
    NO MAXVALUE
    CACHE 1;


ALTER TABLE public.planet_planet_id_seq OWNER TO freecodecamp;

--
-- Name: planet_planet_id_seq; Type: SEQUENCE OWNED BY; Schema: public; Owner: freecodecamp
--

ALTER SEQUENCE public.planet_planet_id_seq OWNED BY public.planet.planet_id;


--
-- Name: star; Type: TABLE; Schema: public; Owner: freecodecamp
--

CREATE TABLE public.star (
    star_id integer NOT NULL,
    galaxy_id integer NOT NULL,
    name character varying(50) NOT NULL,
    diameter numeric(7,2) NOT NULL
);


ALTER TABLE public.star OWNER TO freecodecamp;

--
-- Name: star_start_id_seq; Type: SEQUENCE; Schema: public; Owner: freecodecamp
--

CREATE SEQUENCE public.star_start_id_seq
    AS integer
    START WITH 1
    INCREMENT BY 1
    NO MINVALUE
    NO MAXVALUE
    CACHE 1;


ALTER TABLE public.star_start_id_seq OWNER TO freecodecamp;

--
-- Name: star_start_id_seq; Type: SEQUENCE OWNED BY; Schema: public; Owner: freecodecamp
--

ALTER SEQUENCE public.star_start_id_seq OWNED BY public.star.star_id;


--
-- Name: civilization civilization_id; Type: DEFAULT; Schema: public; Owner: freecodecamp
--

ALTER TABLE ONLY public.civilization ALTER COLUMN civilization_id SET DEFAULT nextval('public.civilization_civilization_id_seq'::regclass);


--
-- Name: galaxy galaxy_id; Type: DEFAULT; Schema: public; Owner: freecodecamp
--

ALTER TABLE ONLY public.galaxy ALTER COLUMN galaxy_id SET DEFAULT nextval('public.galaxy_galaxy_id_seq'::regclass);


--
-- Name: moon moon_id; Type: DEFAULT; Schema: public; Owner: freecodecamp
--

ALTER TABLE ONLY public.moon ALTER COLUMN moon_id SET DEFAULT nextval('public.moon_moon_id_seq'::regclass);


--
-- Name: planet planet_id; Type: DEFAULT; Schema: public; Owner: freecodecamp
--

ALTER TABLE ONLY public.planet ALTER COLUMN planet_id SET DEFAULT nextval('public.planet_planet_id_seq'::regclass);


--
-- Name: star star_id; Type: DEFAULT; Schema: public; Owner: freecodecamp
--

ALTER TABLE ONLY public.star ALTER COLUMN star_id SET DEFAULT nextval('public.star_start_id_seq'::regclass);


--
-- Data for Name: civilization; Type: TABLE DATA; Schema: public; Owner: freecodecamp
--

INSERT INTO public.civilization VALUES (1, 3, 8000, NULL, false, 'Humans');
INSERT INTO public.civilization VALUES (2, 11, 20000, NULL, false, 'Omicrons');
INSERT INTO public.civilization VALUES (3, 12, 4000, NULL, true, 'Vulcans');


--
-- Data for Name: galaxy; Type: TABLE DATA; Schema: public; Owner: freecodecamp
--

INSERT INTO public.galaxy VALUES (1, 'Milky way', 100000);
INSERT INTO public.galaxy VALUES (2, 'Andromede', 100000);
INSERT INTO public.galaxy VALUES (3, 'Nexus', 100000);
INSERT INTO public.galaxy VALUES (4, 'Far far away', 100000);
INSERT INTO public.galaxy VALUES (5, 'Good eye', 100000);
INSERT INTO public.galaxy VALUES (6, 'Devil ass', 100000);


--
-- Data for Name: moon; Type: TABLE DATA; Schema: public; Owner: freecodecamp
--

INSERT INTO public.moon VALUES (1, 3, 'Moon');
INSERT INTO public.moon VALUES (2, 4, 'Fobos');
INSERT INTO public.moon VALUES (3, 4, 'Deimos');
INSERT INTO public.moon VALUES (4, 5, 'Io');
INSERT INTO public.moon VALUES (5, 5, 'Europa');
INSERT INTO public.moon VALUES (6, 5, 'Ganimedes');
INSERT INTO public.moon VALUES (7, 5, 'Calisto');
INSERT INTO public.moon VALUES (8, 6, 'Triton');
INSERT INTO public.moon VALUES (9, 6, 'Titan');
INSERT INTO public.moon VALUES (10, 6, 'Encelado');
INSERT INTO public.moon VALUES (11, 6, 'Dione');
INSERT INTO public.moon VALUES (12, 6, 'Fenrir');
INSERT INTO public.moon VALUES (13, 7, 'Ariel');
INSERT INTO public.moon VALUES (14, 7, 'Miranda');
INSERT INTO public.moon VALUES (15, 9, 'Caronte');
INSERT INTO public.moon VALUES (16, 11, 'Omicron 1');
INSERT INTO public.moon VALUES (17, 11, 'Omicron 2');
INSERT INTO public.moon VALUES (18, 11, 'Omicron 3');
INSERT INTO public.moon VALUES (19, 11, 'Omicron 4');
INSERT INTO public.moon VALUES (20, 11, 'Omicron 5');


--
-- Data for Name: planet; Type: TABLE DATA; Schema: public; Owner: freecodecamp
--

INSERT INTO public.planet VALUES (1, 1, 'Mercury', 0, false);
INSERT INTO public.planet VALUES (2, 1, 'Venus', 0, false);
INSERT INTO public.planet VALUES (4, 1, 'Mars', 2, false);
INSERT INTO public.planet VALUES (5, 1, 'Jupiter', 60, false);
INSERT INTO public.planet VALUES (6, 1, 'Saturn', 60, false);
INSERT INTO public.planet VALUES (7, 1, 'Uranus', 20, false);
INSERT INTO public.planet VALUES (8, 1, 'Neptune', 20, false);
INSERT INTO public.planet VALUES (9, 1, 'Pluton', 1, false);
INSERT INTO public.planet VALUES (10, 1, 'Makemake', 0, false);
INSERT INTO public.planet VALUES (3, 1, 'Earth', 1, true);
INSERT INTO public.planet VALUES (11, 2, 'Omicron persei 8', 5, true);
INSERT INTO public.planet VALUES (12, 2, 'Vulcano', 0, true);


--
-- Data for Name: star; Type: TABLE DATA; Schema: public; Owner: freecodecamp
--

INSERT INTO public.star VALUES (1, 1, 'Sun', 5000.00);
INSERT INTO public.star VALUES (2, 2, 'Vega', 10000.00);
INSERT INTO public.star VALUES (3, 1, 'Big red', 30000.00);
INSERT INTO public.star VALUES (4, 1, 'Orion', 400.00);
INSERT INTO public.star VALUES (5, 2, 'fgf453001', 6000.00);
INSERT INTO public.star VALUES (6, 4, 'gg454-g', 68800.00);


--
-- Name: civilization_civilization_id_seq; Type: SEQUENCE SET; Schema: public; Owner: freecodecamp
--

SELECT pg_catalog.setval('public.civilization_civilization_id_seq', 3, true);


--
-- Name: galaxy_galaxy_id_seq; Type: SEQUENCE SET; Schema: public; Owner: freecodecamp
--

SELECT pg_catalog.setval('public.galaxy_galaxy_id_seq', 6, true);


--
-- Name: moon_moon_id_seq; Type: SEQUENCE SET; Schema: public; Owner: freecodecamp
--

SELECT pg_catalog.setval('public.moon_moon_id_seq', 20, true);


--
-- Name: planet_planet_id_seq; Type: SEQUENCE SET; Schema: public; Owner: freecodecamp
--

SELECT pg_catalog.setval('public.planet_planet_id_seq', 12, true);


--
-- Name: star_start_id_seq; Type: SEQUENCE SET; Schema: public; Owner: freecodecamp
--

SELECT pg_catalog.setval('public.star_start_id_seq', 6, true);


--
-- Name: civilization civilization_name_key; Type: CONSTRAINT; Schema: public; Owner: freecodecamp
--

ALTER TABLE ONLY public.civilization
    ADD CONSTRAINT civilization_name_key UNIQUE (name);


--
-- Name: civilization civilization_pkey; Type: CONSTRAINT; Schema: public; Owner: freecodecamp
--

ALTER TABLE ONLY public.civilization
    ADD CONSTRAINT civilization_pkey PRIMARY KEY (civilization_id);


--
-- Name: galaxy galaxy_name_key; Type: CONSTRAINT; Schema: public; Owner: freecodecamp
--

ALTER TABLE ONLY public.galaxy
    ADD CONSTRAINT galaxy_name_key UNIQUE (name);


--
-- Name: galaxy galaxy_pkey; Type: CONSTRAINT; Schema: public; Owner: freecodecamp
--

ALTER TABLE ONLY public.galaxy
    ADD CONSTRAINT galaxy_pkey PRIMARY KEY (galaxy_id);


--
-- Name: moon moon_name_key; Type: CONSTRAINT; Schema: public; Owner: freecodecamp
--

ALTER TABLE ONLY public.moon
    ADD CONSTRAINT moon_name_key UNIQUE (name);


--
-- Name: moon moon_pkey; Type: CONSTRAINT; Schema: public; Owner: freecodecamp
--

ALTER TABLE ONLY public.moon
    ADD CONSTRAINT moon_pkey PRIMARY KEY (moon_id);


--
-- Name: planet planet_name_key; Type: CONSTRAINT; Schema: public; Owner: freecodecamp
--

ALTER TABLE ONLY public.planet
    ADD CONSTRAINT planet_name_key UNIQUE (name);


--
-- Name: planet planet_pkey; Type: CONSTRAINT; Schema: public; Owner: freecodecamp
--

ALTER TABLE ONLY public.planet
    ADD CONSTRAINT planet_pkey PRIMARY KEY (planet_id);


--
-- Name: star star_name_key; Type: CONSTRAINT; Schema: public; Owner: freecodecamp
--

ALTER TABLE ONLY public.star
    ADD CONSTRAINT star_name_key UNIQUE (name);


--
-- Name: star star_pkey; Type: CONSTRAINT; Schema: public; Owner: freecodecamp
--

ALTER TABLE ONLY public.star
    ADD CONSTRAINT star_pkey PRIMARY KEY (star_id);


--
-- Name: civilization civilization_planet_id_fkey; Type: FK CONSTRAINT; Schema: public; Owner: freecodecamp
--

ALTER TABLE ONLY public.civilization
    ADD CONSTRAINT civilization_planet_id_fkey FOREIGN KEY (planet_id) REFERENCES public.planet(planet_id);


--
-- Name: moon moon_planet_id_fkey; Type: FK CONSTRAINT; Schema: public; Owner: freecodecamp
--

ALTER TABLE ONLY public.moon
    ADD CONSTRAINT moon_planet_id_fkey FOREIGN KEY (planet_id) REFERENCES public.planet(planet_id);


--
-- Name: planet planet_star_id_fkey; Type: FK CONSTRAINT; Schema: public; Owner: freecodecamp
--

ALTER TABLE ONLY public.planet
    ADD CONSTRAINT planet_star_id_fkey FOREIGN KEY (star_id) REFERENCES public.star(star_id);


--
-- Name: star star_galaxy_id_fkey; Type: FK CONSTRAINT; Schema: public; Owner: freecodecamp
--

ALTER TABLE ONLY public.star
    ADD CONSTRAINT star_galaxy_id_fkey FOREIGN KEY (galaxy_id) REFERENCES public.galaxy(galaxy_id);


--
-- PostgreSQL database dump complete
--

